titles,category
  포인트로 야놀자에서 결제한다,IT
 과학자노벨상 베이커 교수 세계 첫  바이러스 치료 플랫폼 개발,IT
역대 최고 기록 라이엇게임즈 발로란트 대회  성과 발표,IT
카카오  포럼에서 공공기여 사례 소개,IT
  통화비서 익시오 적용 단말 아이폰 이상으로 확대,IT
조명가게 흥행에 웹툰 열풍조회수 배 매출 배 증가,IT
오픈 스마트폰 없이도  사용 가능유선전화왓츠앱 통해 챗 확장,IT
유상임 과기부 장관 텔레콤네이버 등 개 기업 와 간담회,IT
유미 픽 이러다  생태계 무너질라유럽선 돈 잔치 에선 찬밥,IT
  결산 글로벌  격전 진흥과 규제 두 마리 토끼 잡아야,IT
갤럭시 언팩 포스터 유출내년 월 일 갤럭시 슬림도 공개,IT
 최장 우주유영 기록깼다 기록보다 분 길어 우주로 간다,IT
아이폰 프로 카메라 확 바뀐다고천만에,IT
마이크론  사업 호조에도 주가  급락한 이유는,IT
근처 갈 만한 커피숍 알려줘이 번호 누르자 챗가 받았다 송영찬의 실밸포커스,IT
구광모  회장 신년사서 도전과 변화 로 미래 세우자,IT
  배터리 만 원 대 중저가 폰 잇단 출시,IT
마이크론  고객사 곳으로 확장 양산도 자신감,IT
마이크론 내년 메모리 부진 전망삼성도 악영향 불가피,IT
 년 전세계 모바일 트래픽  차지,IT
외아들 결혼 앞두고 쓰러진 아버지명 생명 살리고 하늘 나라로,IT
 우주양자 기술 위한 초소형 초저온 냉각장치 개발,IT
엔비디아 소형 생성형  슈퍼컴 젯슨 오린 나노 슈퍼 출시 가격은 낮춰,IT
 의대증원 서남의대 같은 폐교사태 불러올 것모집 정지해야,IT
메모리 풍향계 마이크론 수요 부진에 가이던스 뚝,IT
초속  중성자별이 그린 기타 성운,IT
바이오플러스 영업개편공장완공 내년 최대실적 예고,IT
두산에너빌리티  테라파워  기자재 공급사로 선정,IT
스마트폰 없어도 집 전화로도 챗 쓴다,IT
생물보안법 연내 통과 불발 바이오 저격 실패한 ,IT
클로즈업 본회의만 남은 기본법 통과돼도 갈길 멀었다,IT
디즈니 조명가게 흥행에원작 웹툰도 정주행 열풍,IT
부광약품 년 만 흑자전환 서광구조조정신규 수익원 강화,IT
마이크로바이옴 선두주자 사 색 누가 유리할까,IT
루닛 임원 블록딜 소식에 주가 하락하자억원치 장내매수,IT
인텔 코어 울트라  성능 분석 결과 공개,IT
분석 브릿지바이오 자금조달 풍문에 급등락 반복법차손 해결 진행 상황은,IT
한화큐셀 텐덤셀 상용화 한 발짝최고 효율 달성,IT
분석 셀트리온  산도즈 조 바이오시밀러 시장에서 경쟁력은,IT
화웨이  떨어져도 코드 스캔 가능,IT
비트코인 급락 한 때 만 달러 선 위협,IT
시세 차이 한 눈에 비교업비트 마켓 인사이트 기능 추가,IT
썰  왓츠앱에서 이 번호 전화하면 챗 답한다,IT
코로나 때 반짝 조 넘게 몰리더니너도나도 손절 러시,IT
